
insert into khoa values ('1', N'Khoa Công nghệ thông tin');
insert into khoa values ('2', N'Khoa Dược');
insert into khoa values ('3', N'Khoa Kế toán');
insert into khoa values ('4', N'Khoa Khoa học thể thao');
insert into khoa values ('5', N'Khoa Khoa học ứng dụng');
insert into khoa values ('6', N'Khoa Khoa học xã hội và nhân văn');
insert into khoa values ('7', N'Khoa Kĩ thuật công trình');
insert into khoa values ('8', N'Khoa Lao động & Công đoàn');
insert into khoa values ('9', N'Khoa Luật');
insert into khoa values ('10', N'Khoa Môi trường & Bảo hộ lao động');
insert into khoa values ('11', N'Khoa Mỹ thuật công nghiệp');
insert into khoa values ('12', N'Khoa Ngoại ngữ');
insert into khoa values ('13', N'Khoa Quản trị kinh doanh');
insert into khoa values ('14', N'Khoa Tài chính - Ngân hàng');
insert into khoa values ('15', N'Khoa Toán - Thống kê');
insert into khoa values ('16', N'Khoa Điện - Điện tử');


insert into mon values ('1', N'Toán 1');
insert into mon values ('2', N'Toán 2');
insert into mon values ('3', N'Tiếng Anh 1');
insert into mon values ('4', N'Tiếng Anh 2');
insert into mon values ('5', N'Tin đại cương');
insert into mon values ('6', N'Ngôn ngữ lập trình');
insert into mon values ('7', N'Ngôn ngữ lập trình nâng cao');
insert into mon values ('8', N'Công nghệ web');
insert into mon values ('9', N'Nguyên lý kế toán');
insert into mon values ('10', N'Tư tưởng Hồ Chính Minh');
insert into mon values ('11', N'Đường lối Đảng cộng sản Việt Nam');
insert into mon values ('12', N'Pháp luật đại cương');
insert into mon values ('13', N'Bóng chuyền 1');
insert into mon values ('14', N'Bóng chuyền 2');
insert into mon values ('15', N'Cơ học 1');
insert into mon values ('16', N'Cơ học 2');
insert into mon values ('17', N'Cơ sở dữ liệu');
insert into mon values ('18', N'Hệ quản trị cơ sở dữ liệu');
insert into mon values ('19', N'Phân tích yêu cầu phần mềm');
insert into mon values ('20', N'Trí tuệ nhân tạo');


insert into lop values ('59TH1','1');
insert into lop values ('59TH2','1');
insert into lop values ('59TH3','1');
insert into lop values ('59HT','1');
insert into lop values ('59PM1','1');
insert into lop values ('59PM2','1');
insert into lop values ('59D1','2');
insert into lop values ('59D2','2');
insert into lop values ('59D3','2');
insert into lop values ('59KT1','3');
insert into lop values ('59KT2','3');
insert into lop values ('59KT3','3');
insert into lop values ('59KHTT1','4');
insert into lop values ('59KHTT2','4');
insert into lop values ('59KHTT3','4');
insert into lop values ('59KHUD1','5');
insert into lop values ('59KHUD2','5');
insert into lop values ('59KHUD3','5');
insert into lop values ('59KHNV1','6');
insert into lop values ('59KHNV2','6');
insert into lop values ('59KHNV3','6');
insert into lop values ('59KTCT1','7');
insert into lop values ('59KTCT2','7');
insert into lop values ('59KTCT3','7');
insert into lop values ('59LDCD1','8');
insert into lop values ('59LDCD2','8');
insert into lop values ('59LDCD3','8');
insert into lop values ('59L1','9');
insert into lop values ('59L2','9');
insert into lop values ('59L3','9');
insert into lop values ('59BHLD1','10');
insert into lop values ('59BHLD2','10');
insert into lop values ('59BHLD3','10');
insert into lop values ('59MTCN1','11');
insert into lop values ('59MTCN2','11');
insert into lop values ('59MTCN3','11');
insert into lop values ('59NN1','12');
insert into lop values ('59NN2','12');
insert into lop values ('59NN3','12');
insert into lop values ('59QTKD1','13');
insert into lop values ('59QTKD2','13');
insert into lop values ('59QTKD3','13');
insert into lop values ('59TCNH1','14');
insert into lop values ('59TCNH2','14');
insert into lop values ('59TCNH3','14');
insert into lop values ('59TTK1','15');
insert into lop values ('59TTK2','15');
insert into lop values ('59TTK3','15');
insert into lop values ('59DT1','16');
insert into lop values ('59DT2','16');
insert into lop values ('59DT3','16');


insert into nguoidung values ('1',N'Người dùng thứ nhất', 'matkhau1','email1@gmail.com','1999/1/1','01234567899','2017/8/23','DHD');
insert into nguoidung values ('2',N'Người dùng thứ hai', 'matkhau2','email2@gmail.com','1999/1/2','01234567888','2016/8/23','DHD');
insert into nguoidung values ('3',N'Người dùng thứ ba', 'matkhau3','email3@gmail.com','1999/1/3','012345677777','2015/8/23','DHD');
insert into nguoidung values ('4',N'Người dùng thứ tư', 'matkhau4','email4@gmail.com','1999/1/4','01234566666','2014/8/23','NHD');
insert into nguoidung values ('5',N'Người dùng thứ năm', 'matkhau5','email5@gmail.com','1999/1/5','01234555555','2013/8/23','NHD');
insert into nguoidung values ('6',N'Người dùng thứ sáu', 'matkhau6','email6@gmail.com','1999/1/6','01234444444','2012/8/23','NHD');
insert into nguoidung values ('7',N'Người dùng thứ bảy', 'matkhau7','email7@gmail.com','1999/1/7','01233333333','2011/8/23','DHD');
insert into nguoidung values ('8',N'Người dùng thứ tám', 'matkhau8','email8@gmail.com','1999/1/8','01222222222','2010/8/23','DHD');
insert into nguoidung values ('9',N'Người dùng thứ chín', 'matkhau9','email9@gmail.com','1999/1/9','01111111111','2009/8/23','DHD');
insert into nguoidung values ('10',N'Người dùng thứ mười', 'matkhau10','email10@gmail.com','1999/1/10','01458763797','2008/8/23','DHD');
insert into nguoidung values ('11',N'Người dùng thứ mười một', 'matkhau11','email11@gmail.com','1999/1/11','01786446579','2007/8/23','DHD');
insert into nguoidung values ('12',N'Người dùng thứ mười hai', 'matkhau12','email12@gmail.com','1999/1/12','01234567781','2018/8/23','CKH');
insert into nguoidung values ('13',N'Người dùng thứ mười ba', 'matkhau13','email13@gmail.com','1999/1/13','01456878681','2017/8/25','DHD');
insert into nguoidung values ('14',N'Người dùng thứ mười bốn', 'matkhau14','email14@gmail.com','1999/1/14','01457586817','2017/9/13','DHD');
insert into nguoidung values ('15',N'Người dùng thứ mười năm', 'matkhau15','email15@gmail.com','1999/1/15','01786786475','2018/8/3','CKH');
insert into nguoidung values ('16',N'Người dùng thứ mười sáu', 'matkhau16','email16@gmail.com','1999/1/16','01787585517','2017/3/3','DHD');
insert into nguoidung values ('17',N'Người dùng thứ mười bảy', 'matkhau17','email17@gmail.com','1998/5/5','01787585789','2016/23/8','DHD');
insert into nguoidung values ('18',N'Người dùng thứ mười tám', 'matkhau18','email18@gmail.com','1997/6/6','01787585517','2016/15/7','DHD');
insert into nguoidung values ('19',N'Người dùng thứ mười chín', 'matkhau19','email19@gmail.com','1980/8/8','0178757576','2015/10/10','DHD');
insert into nguoidung values ('20',N'Người dùng thứ mười hai mươi', 'matkhau20','email20@gmail.com','1981/3/6','01787585789','2015/10/10','DHD');




--gv_vc
insert into gv_vc values ('1',N'taikhoan1','1');
insert into gv_vc values ('2',N'taikhoan','2',);
insert into gv_vc values ('7',N'taikhoan7','7');
insert into gv_vc values ('8',N'taikhoan8','8');
insert into gv_vc values ('9',N'taikhoan9','9');
insert into gv_vc values ('10',N'taikhoan10','10');
insert into gv_vc values ('11',N'taikhoan11','11');
insert into gv_vc values ('19',N'taikhoan19','12');
insert into gv_vc values ('20',N'taikhoan20','12');


insert into sinhvien values ('3','MSV3','3','59KT1','2022/9/23');
insert into sinhvien values ('4','MSV4','4','59KHTT1','2022/10/23');
insert into sinhvien values ('5','MSV5','5','59KHUD1','2022/11/23');
insert into sinhvien values ('6','MSV6','6','59KHNV1','2022/12/23');
insert into sinhvien values ('12','MSV12','12','59NN1','2022/4/23');
insert into sinhvien values ('13','MSV13','13','59QTKD1','2022/5/23');
insert into sinhvien values ('14','MSV14','14','59TCNH1','2022/6/23');
insert into sinhvien values ('15','MSV15','15','59TTK1','2022/7/23');
insert into sinhvien values ('16','MSV16','16','59DT1','2020/9/23');
insert into sinhvien values ('17','MSV17','16','59DT2','2020/8/23');
insert into sinhvien values ('18','MSV18','16','59DT3','2020/10/23');

 
 insert into phanquyen values ('1','admin');
 insert into phanquyen values ('2','admin');
 insert into phanquyen values ('3','sinhvien');
 insert into phanquyen values ('4','sinhvien');
 insert into phanquyen values ('5','sinhvien');
 insert into phanquyen values ('6','sinhvien');
 insert into phanquyen values ('7','giangvien');
 insert into phanquyen values ('8','giangvien');
 insert into phanquyen values ('9','giangvien');
 insert into phanquyen values ('10','giangvien');
 insert into phanquyen values ('11','giangvien');
 insert into phanquyen values ('12','sinhvien');
 insert into phanquyen values ('13','sinhvien');
 insert into phanquyen values ('14','sinhvien');
 insert into phanquyen values ('15','sinhvien');
 insert into phanquyen values ('16','sinhvien');
 insert into phanquyen values ('17','sinhvien');
 insert into phanquyen values ('18','sinhvien');
 insert into phanquyen values ('19','giangvien');
 insert into phanquyen values ('20','giangvien');


